ticker,window_idx,train_start,train_end,test_start,test_end,mae,rmse,mape,directional_accuracy,naive_mae,naive_rmse,naive_mape,naive_directional_accuracy
ATRL,0,2022-07-11,2025-06-12,2025-06-13,2025-09-05,9.461573806616428,13.747720495557218,1.4367836559446558,50.0,7.667333984374994,12.238243519784415,1.1666145859587969,1.6666666666666667
BAHL,0,2022-07-11,2025-06-12,2025-06-13,2025-09-05,3.6212903427741523,4.6447778309064205,2.200772579792264,56.666666666666664,2.9980183919270837,4.0963679476244925,1.8131708381587595,1.6666666666666667
BOP,0,2022-07-11,2025-06-12,2025-06-13,2025-09-05,0.5200354375191012,0.6503165896092818,4.118207301562376,41.66666666666667,0.2312451203664145,0.3785423681753644,1.8304038978617716,1.6666666666666667
CHCC,0,2022-07-11,2025-06-12,2025-06-13,2025-09-05,8.356046151466066,10.561541854405766,2.7038040611484546,38.333333333333336,4.644871012369789,6.543018618393636,1.5186393828598237,1.6666666666666667
DGKC,0,2022-07-11,2025-06-12,2025-06-13,2025-09-05,3.3521659661091507,5.142037582970136,1.8738722283879394,58.333333333333336,3.1633860270182264,5.173134921539742,1.763222901428334,1.6666666666666667
EFERT,0,2022-07-11,2025-06-12,2025-06-13,2025-09-05,2.4379688619096083,3.439884636917594,1.28014482143961,61.66666666666667,2.5278119405110706,3.4295516679844877,1.3314749733151159,1.6666666666666667
EPCL,0,2022-07-11,2025-06-12,2025-06-13,2025-09-05,0.6295039484088534,0.8572588134809783,2.0573284861060706,58.333333333333336,0.42833363215128595,0.6660156497064941,1.3847752793570922,1.6666666666666667
FCCL,0,2022-07-11,2025-06-12,2025-06-13,2025-09-05,0.8892963094683193,1.3479376758700363,1.8349044503211307,53.333333333333336,0.7796159744262696,1.2791809541710601,1.6115112772059865,1.6666666666666667
FFC,0,2022-07-11,2025-06-12,2025-06-13,2025-09-05,4.164207839853767,6.13446814096796,1.0584527584916106,48.333333333333336,3.957478332519531,5.693124381114089,1.0037323258521385,1.6666666666666667
HBL,0,2022-07-11,2025-06-12,2025-06-13,2025-09-05,4.226687988141251,5.764407407696463,2.0903770397568575,51.66666666666667,4.036479695638027,5.454899745504595,1.9857559239493825,1.6666666666666667
LOTCHEM,0,2022-07-11,2025-06-12,2025-06-13,2025-09-05,0.2769855265286169,0.34093106914968163,1.661287268255626,46.666666666666664,0.14856446584065752,0.21228959974353054,0.9001924074836126,1.6666666666666667
LUCK,0,2022-07-11,2025-06-12,2025-06-13,2025-09-05,7.988522270559498,11.710492237728241,2.071514833258559,53.333333333333336,5.399221801757817,7.746854036737158,1.4271398582681225,1.6666666666666667
MARI,0,2022-07-11,2025-06-12,2025-06-13,2025-09-05,6.805632886794897,9.975271352496643,1.1241280390067685,60.0,6.111139933268231,9.516378940391022,1.0064353644079296,1.6666666666666667
MCB,0,2022-07-11,2025-06-12,2025-06-13,2025-09-05,4.737149769932529,7.154990419494895,1.561549428969402,41.66666666666667,3.754039001464848,5.41249630768343,1.2392854928071144,1.6666666666666667
MEBL,0,2022-07-11,2025-06-12,2025-06-13,2025-09-05,8.881768714525114,10.550607128413537,2.593745792357577,51.66666666666667,4.1750864664713525,5.793461993328267,1.206809313344642,1.6666666666666667
MLCF,0,2022-07-11,2025-06-12,2025-06-13,2025-09-05,2.059102927992164,2.5774413250549997,2.3766683343350485,48.333333333333336,1.3901666005452473,2.0138519876583305,1.5805727759230108,1.6666666666666667
MTL,0,2022-07-11,2025-06-12,2025-06-13,2025-09-05,5.881832271168483,8.411875450984951,1.0748813257760963,50.0,4.383556111653646,6.898767862472896,0.8024942623421868,1.6666666666666667
NBP,0,2022-07-11,2025-06-12,2025-06-13,2025-09-05,2.2191199592858806,3.1370727145414823,1.9983132503164285,50.0,2.0141930898030598,3.080825388727854,1.8234225565635667,1.6666666666666667
NRL,0,2022-07-11,2025-06-12,2025-06-13,2025-09-05,7.352167888485899,11.00286095062906,2.762997596259212,51.66666666666667,6.271997324625656,9.567228927908433,2.3800196742083926,1.6666666666666667
OGDC,0,2022-07-11,2025-06-12,2025-06-13,2025-09-05,3.83617558130951,5.458678312167495,1.6539202360770147,46.666666666666664,2.7972490946451796,4.410210016127865,1.2219630816071625,1.6666666666666667
POL,0,2022-07-11,2025-06-12,2025-06-13,2025-09-05,8.315387799582343,11.110510304217266,1.499403121890138,48.333333333333336,3.6941599527994837,6.651280323360852,0.6729219581814988,1.6666666666666667
PPL,0,2022-07-11,2025-06-12,2025-06-13,2025-09-05,2.5804973474903803,4.132555773437764,1.550804005095981,51.66666666666667,2.2679326375325517,3.5125831203294173,1.3604865739394787,1.6666666666666667
PRL,0,2022-07-11,2025-06-12,2025-06-13,2025-09-05,0.9211947053070103,1.179152789209433,2.886186766102621,45.0,0.46833343505859387,0.7384533922512931,1.4500934903911256,3.3333333333333335
PSO,0,2022-07-11,2025-06-12,2025-06-13,2025-09-05,5.6826971954175525,7.446840592376373,1.470971103159862,41.66666666666667,4.557703145345049,6.543800459932808,1.1840160132303799,1.6666666666666667
SYS,0,2022-07-11,2025-06-12,2025-06-13,2025-09-05,49.355218949786014,57.72245969238961,39.32486190312655,46.666666666666664,1.9981768290201827,2.7329083585671463,1.621454723186,1.6666666666666667
TRG,0,2022-07-11,2025-06-12,2025-06-13,2025-09-05,1.1921534964722766,1.691154404258161,2.124405098938752,45.0,1.0463333765665683,1.6483921953018024,1.8509754154037643,1.6666666666666667
UBL,0,2022-07-11,2025-06-12,2025-06-13,2025-09-05,64.15131094448407,97.20871178191031,22.51029646992397,65.0,15.007459513346355,52.44684203200771,5.089450723941082,1.6666666666666667
ATRL,1,2022-10-03,2025-09-07,2025-09-08,2025-11-28,9.8418801264781,13.597754065233708,1.4752875297101342,58.333333333333336,9.630346679687499,13.407033177279457,1.4405801271112035,3.3333333333333335
BAHL,1,2022-10-03,2025-09-07,2025-09-08,2025-11-28,3.768764577653216,5.093826028882068,2.0258243354416465,48.333333333333336,2.63449147542318,4.562468136676222,1.3945248634406862,3.3333333333333335
BOP,1,2022-10-03,2025-09-07,2025-09-08,2025-11-28,0.8997365640348183,1.2270192117018055,3.08190897211103,53.333333333333336,0.8278239885965986,1.1709466960863013,2.8436105267280554,3.3333333333333335
CHCC,1,2022-10-03,2025-09-07,2025-09-08,2025-11-28,6.9010143716037735,8.147540294564646,2.049449602389073,46.666666666666664,4.684509277343751,6.690734105554638,1.399312892894532,3.3333333333333335
DGKC,1,2022-10-03,2025-09-07,2025-09-08,2025-11-28,9.634741225316525,11.446114453267331,4.230477712565246,35.0,3.643994140625003,5.170841925389224,1.5415914722804023,5.0
EFERT,1,2022-10-03,2025-09-07,2025-09-08,2025-11-28,2.978869974664212,3.8297930982941226,1.4256108221444403,40.0,2.4295478820800778,3.427064028627801,1.1597035724890044,3.3333333333333335
EPCL,1,2022-10-03,2025-09-07,2025-09-08,2025-11-28,0.43134365126946594,0.6022899724094405,1.4468822672180517,51.66666666666667,0.3745001157124839,0.49387760779075013,1.2479279621249033,5.0
FCCL,1,2022-10-03,2025-09-07,2025-09-08,2025-11-28,1.6310057791249277,2.040793663786056,3.026304378709864,43.333333333333336,0.9063632329305013,1.2603562480379822,1.6446582210617744,3.3333333333333335
FFC,1,2022-10-03,2025-09-07,2025-09-08,2025-11-28,6.191621246267486,8.579668671657407,1.3203258646565263,45.0,5.578448486328117,7.965141580212167,1.189517959782847,3.3333333333333335
HBL,1,2022-10-03,2025-09-07,2025-09-08,2025-11-28,4.932803442838391,6.430068286670699,1.813897414707611,51.66666666666667,4.105870819091797,5.623119571639414,1.510483612975521,3.3333333333333335
LOTCHEM,1,2022-10-03,2025-09-07,2025-09-08,2025-11-28,0.4551970079847291,0.6219659890116896,2.1807760001637555,45.0,0.4246783256530762,0.6169152985236884,2.0304487321213904,3.3333333333333335
LUCK,1,2022-10-03,2025-09-07,2025-09-08,2025-11-28,11.138881696056126,14.30560740921522,2.4377555922204195,45.0,6.215621439615887,8.940681934389469,1.3695696708002687,3.3333333333333335
MARI,1,2022-10-03,2025-09-07,2025-09-08,2025-11-28,11.176945258927422,14.998238864102186,1.5832225457699096,48.333333333333336,10.13094584147136,13.236234884854003,1.434111991592797,3.3333333333333335
MCB,1,2022-10-03,2025-09-07,2025-09-08,2025-11-28,4.2199113763065395,5.196771009980285,1.2526129354764237,50.0,3.4616475423177073,4.616112083263354,1.0199925388624433,3.3333333333333335
MEBL,1,2022-10-03,2025-09-07,2025-09-08,2025-11-28,14.484918926987117,18.312609485362426,3.5157736150102723,45.0,6.424426778157554,9.379487807578936,1.529682985016344,3.3333333333333335
MLCF,1,2022-10-03,2025-09-07,2025-09-08,2025-11-28,2.5378915891181597,3.196401944370688,2.532770636845847,43.333333333333336,1.8731665293375674,2.537600780492761,1.8456107222085187,5.0
MTL,1,2022-10-03,2025-09-07,2025-09-08,2025-11-28,6.234991677870857,8.706870365380006,1.219963959364225,45.0,4.401667277018228,5.91092308371018,0.863266545326217,3.3333333333333335
NBP,1,2022-10-03,2025-09-07,2025-09-08,2025-11-28,6.193539072027793,7.439754673231201,3.4995416138481317,45.0,2.8797345479329457,3.8226149731086037,1.6413231236543127,3.3333333333333335
NRL,1,2022-10-03,2025-09-07,2025-09-08,2025-11-28,19.234517210913754,21.882460543454144,5.034677305385038,43.333333333333336,10.532835388183601,14.787131218784817,2.7019333126629776,3.3333333333333335
OGDC,1,2022-10-03,2025-09-07,2025-09-08,2025-11-28,3.388379229881614,4.522658396362573,1.3638820371093245,50.0,3.071889750162768,3.8577606037842394,1.2298301984862445,3.3333333333333335
POL,1,2022-10-03,2025-09-07,2025-09-08,2025-11-28,6.199582503163699,8.216482550569854,1.0216828973240006,53.333333333333336,5.823296101888019,7.871895507625296,0.9560777249891862,3.3333333333333335
PPL,1,2022-10-03,2025-09-07,2025-09-08,2025-11-28,3.7502749768320407,4.596254538706347,2.0003294500010855,45.0,2.8756042480468693,3.609553642390382,1.5348130684184638,3.3333333333333335
PRL,1,2022-10-03,2025-09-07,2025-09-08,2025-11-28,0.858981229581275,1.1464403635778533,2.3601845017115486,58.333333333333336,0.8239999771118165,1.0670501928910485,2.2661849474127624,3.3333333333333335
PSO,1,2022-10-03,2025-09-07,2025-09-08,2025-11-28,6.3809626680013025,8.413798051697853,1.4201120985065052,45.0,5.7890070597330725,8.066198544463408,1.2888584851166258,3.3333333333333335
SYS,1,2022-10-03,2025-09-07,2025-09-08,2025-11-28,2.6636312017811337,3.7534444514787793,1.768296580868034,48.333333333333336,2.3437316894531253,3.4497268265855663,1.5467118941384075,3.3333333333333335
TRG,1,2022-10-03,2025-09-07,2025-09-08,2025-11-28,1.894400313467273,2.7587491861576394,2.575159127951597,43.333333333333336,1.5994995117187494,2.3840771818789332,2.1809050548082167,3.3333333333333335
UBL,1,2022-10-03,2025-09-07,2025-09-08,2025-11-28,10.84142643565392,28.62011052542433,3.169031505857308,41.66666666666667,4.025788879394532,5.987204669969569,1.1431227199791894,3.3333333333333335
ATRL,2,2022-12-26,2025-11-30,2025-12-01,2026-02-24,15.465449381539601,22.29973581174776,1.997018450141384,50.0,13.333026123046881,19.537153985805425,1.7313487834918218,1.6666666666666667
BAHL,2,2022-12-26,2025-11-30,2025-12-01,2026-02-24,2.645794257310627,3.5352194421285543,1.457684735477049,41.66666666666667,1.8678466796875015,2.742183074818545,1.0312473515505243,3.3333333333333335
BOP,2,2022-12-26,2025-11-30,2025-12-01,2026-02-24,0.7479175635787672,1.159122100790367,2.1387732093495213,61.66666666666667,0.7334348996480301,1.0289028910697657,2.079650647372551,1.6666666666666667
CHCC,2,2022-12-26,2025-11-30,2025-12-01,2026-02-24,6.409627221563819,8.080954760591503,1.9858632367336606,50.0,5.430637105305989,6.891386489581845,1.6562646076371517,1.6666666666666667
DGKC,2,2022-12-26,2025-11-30,2025-12-01,2026-02-24,3.594755190312543,4.669789551811227,1.589855016387114,56.666666666666664,3.0891665140787765,4.111399987672773,1.3637805277272625,1.6666666666666667
EFERT,2,2022-12-26,2025-11-30,2025-12-01,2026-02-24,3.2243751203882476,4.484314400036718,1.4260805586013483,51.66666666666667,2.791460418701173,4.146074236145223,1.225321308245613,1.6666666666666667
EPCL,2,2022-12-26,2025-11-30,2025-12-01,2026-02-24,0.8071789171471081,1.2231556925425293,2.3403532524396913,63.33333333333333,0.7990002950032554,1.1634763319968737,2.3266902131980625,3.3333333333333335
FCCL,2,2022-12-26,2025-11-30,2025-12-01,2026-02-24,0.9743371664081748,1.2729361885492672,1.7566797214512375,53.333333333333336,0.7618331909179686,1.0213217251961706,1.3611633388956557,1.6666666666666667
FFC,2,2022-12-26,2025-11-30,2025-12-01,2026-02-24,12.912472838209395,17.879227030325364,2.3431522764763413,41.66666666666667,7.2109608968098975,12.458241433112368,1.2855134865278097,1.6666666666666667
HBL,2,2022-12-26,2025-11-30,2025-12-01,2026-02-24,5.163504078569049,7.070290506943121,1.6700205073380985,46.666666666666664,4.121868896484374,6.288646511278239,1.3245221550795254,1.6666666666666667
LOTCHEM,2,2022-12-26,2025-11-30,2025-12-01,2026-02-24,0.47400996701580334,0.6942668752531677,2.060041725596335,45.0,0.4160303115844727,0.603524478942818,1.7893078139849774,1.6666666666666667
LUCK,2,2022-12-26,2025-11-30,2025-12-01,2026-02-24,8.660972502956186,11.824783514145116,1.8571066639804388,48.333333333333336,7.4955037434895875,9.51877258153044,1.5879536655965354,1.6666666666666667
MARI,2,2022-12-26,2025-11-30,2025-12-01,2026-02-24,8.0658236874416,11.601514205751307,1.1844183589898498,48.333333333333336,5.276906331380201,7.95042557729069,0.7689482636356505,1.6666666666666667
MCB,2,2022-12-26,2025-11-30,2025-12-01,2026-02-24,5.073982443502431,7.4899574785205285,1.3150025306522075,65.0,4.98048146565755,7.36717225411583,1.277134713585632,1.6666666666666667
MEBL,2,2022-12-26,2025-11-30,2025-12-01,2026-02-24,8.152129042125134,9.82271961593372,1.8011904796365712,56.666666666666664,6.292342122395835,8.560402682693109,1.3590703864004405,1.6666666666666667
MLCF,2,2022-12-26,2025-11-30,2025-12-01,2026-02-24,2.6806780941671375,3.60712875807871,2.3743474888278926,50.0,2.44849993387858,3.3656805644380436,2.1552848120598647,1.6666666666666667
MTL,2,2022-12-26,2025-11-30,2025-12-01,2026-02-24,5.091983216971496,7.410756593522662,0.9599745263136372,56.666666666666664,4.965193684895834,7.008535998281123,0.9412792248274212,1.6666666666666667
NBP,2,2022-12-26,2025-11-30,2025-12-01,2026-02-24,3.9231641135964512,5.817309969570756,1.8295077668516502,48.333333333333336,3.6421162923177097,5.36083916463161,1.681352332368722,1.6666666666666667
NRL,2,2022-12-26,2025-11-30,2025-12-01,2026-02-24,10.3733019536566,14.061298606485906,2.610807678400152,45.0,8.683833821614579,12.01023954524074,2.1455369155809323,1.6666666666666667
OGDC,2,2022-12-26,2025-11-30,2025-12-01,2026-02-24,5.021892526421288,7.029941347149702,1.7382914741790263,45.0,3.9532572428385397,5.471985355985476,1.3622877341919601,1.6666666666666667
POL,2,2022-12-26,2025-11-30,2025-12-01,2026-02-24,5.976393891116521,8.640307975100972,0.9796716191592499,50.0,4.862434895833331,8.072795042254914,0.7917789447998539,1.6666666666666667
PPL,2,2022-12-26,2025-11-30,2025-12-01,2026-02-24,5.029266749146852,6.393549405283716,2.1320219812976973,43.333333333333336,4.113649241129557,5.2879232972320604,1.7357391867405603,1.6666666666666667
PRL,2,2022-12-26,2025-11-30,2025-12-01,2026-02-24,0.642748047301317,0.8772037199056465,1.844661574421792,58.333333333333336,0.6253335316975909,0.8248656807121103,1.7791165457675913,1.6666666666666667
PSO,2,2022-12-26,2025-11-30,2025-12-01,2026-02-24,7.713441698493143,11.587243257747172,1.7684748887375,50.0,6.056164550781245,8.158133458011738,1.345319911038003,1.6666666666666667
SYS,2,2022-12-26,2025-11-30,2025-12-01,2026-02-24,3.498029493815996,4.575407966682767,2.2969143053679644,36.666666666666664,2.3809018452962234,3.0243185994267043,1.5516720596272726,0.0
TRG,2,2022-12-26,2025-11-30,2025-12-01,2026-02-24,1.9342866200508753,2.954041905283213,2.9300038390574676,46.666666666666664,1.4571659723917643,2.1450092944703707,2.1182612660561237,1.6666666666666667
UBL,2,2022-12-26,2025-11-30,2025-12-01,2026-02-24,9.846499341029752,14.145727640641635,2.220620137744472,60.0,6.265010070800778,9.437239467773718,1.4269559495179833,1.6666666666666667
ATRL,3,2023-03-20,2026-02-24,2026-02-25,2026-05-20,21.851363349635843,27.588740643875294,2.6298263264562385,43.333333333333336,17.755189005533854,25.072072910162184,2.1721231854631675,8.333333333333332
BAHL,3,2023-03-20,2026-02-24,2026-02-25,2026-05-20,3.3093044648775045,4.593820021756319,2.031107023952471,51.66666666666667,3.0660402933756505,4.447776860803429,1.8910182260956916,6.666666666666667
BOP,3,2023-03-20,2026-02-24,2026-02-25,2026-05-20,1.0866031972157701,1.4377948448241988,3.6231572201636744,45.0,0.9744355837504076,1.3014075279887558,3.2726684789463825,5.0
CHCC,3,2023-03-20,2026-02-24,2026-02-25,2026-05-20,8.121565522712155,11.275624972258482,3.019593040319644,61.66666666666667,7.837884521484371,10.802010138748487,2.9397477985758527,5.0
DGKC,3,2023-03-20,2026-02-24,2026-02-25,2026-05-20,6.617826728743952,8.611323535862997,3.8341715923469972,53.333333333333336,6.004167429606119,7.7823258262513475,3.4114858906397054,6.666666666666667
EFERT,3,2023-03-20,2026-02-24,2026-02-25,2026-05-20,3.3645995270278677,5.216449909667018,1.6831620617480985,53.333333333333336,3.115636189778648,4.971423602667849,1.5598661639369882,6.666666666666667
EPCL,3,2023-03-20,2026-02-24,2026-02-25,2026-05-20,1.1447866954888046,1.4039089766504522,3.492577134172757,45.0,0.9711669286092118,1.3066339863537353,2.9610863822130886,6.666666666666667
FCCL,3,2023-03-20,2026-02-24,2026-02-25,2026-05-20,1.5647715799440978,2.0379997511613093,3.4805629781028413,50.0,1.509666887919108,2.0456297080128794,3.305193126494172,6.666666666666667
FFC,3,2023-03-20,2026-02-24,2026-02-25,2026-05-20,10.038581918764434,15.44381913825698,2.045131656799657,50.0,9.30086161295573,14.967042498195307,1.8998700034854674,5.0
HBL,3,2023-03-20,2026-02-24,2026-02-25,2026-05-20,6.924062245751562,9.389532077322354,2.5832278935729955,46.666666666666664,5.862648518880208,8.774909076496515,2.181321318063502,5.0
LOTCHEM,3,2023-03-20,2026-02-24,2026-02-25,2026-05-20,0.6465936314700571,0.8439084147280578,2.8037557257498342,45.0,0.6231573104858401,0.8607192217967449,2.7292071900391157,6.666666666666667
LUCK,3,2023-03-20,2026-02-24,2026-02-25,2026-05-20,11.366249403732104,16.042985375148444,2.872511708207896,55.00000000000001,10.825998433430993,14.980981954734018,2.748544381984563,6.666666666666667
MARI,3,2023-03-20,2026-02-24,2026-02-25,2026-05-20,12.006705817031676,15.976798649863555,1.9033202969152359,48.333333333333336,10.107000732421879,15.508248104704503,1.613113565087431,6.666666666666667
MCB,3,2023-03-20,2026-02-24,2026-02-25,2026-05-20,7.062164936538102,9.940190523644526,1.8942157336482301,46.666666666666664,6.619238281250001,9.66026141826334,1.7748375696608327,6.666666666666667
MEBL,3,2023-03-20,2026-02-24,2026-02-25,2026-05-20,9.887124112112183,13.612854349452913,2.173984368863507,46.666666666666664,9.12726745605469,13.042233087340957,2.0066149190963896,6.666666666666667
MLCF,3,2023-03-20,2026-02-24,2026-02-25,2026-05-20,2.778784376457407,3.717057282566885,3.333424682462597,51.66666666666667,2.5478335062662754,3.427329933776721,3.0454507299482856,6.666666666666667
MTL,3,2023-03-20,2026-02-24,2026-02-25,2026-05-20,11.103037580260112,37.4951988489495,3.041550960668641,51.66666666666667,9.742388407389322,38.10957770813178,2.6927134600227154,8.333333333333332
NBP,3,2023-03-20,2026-02-24,2026-02-25,2026-05-20,7.479516792086782,9.468824265791255,4.016471345613681,50.0,6.065976206461586,8.615684508317088,3.208240171877856,5.0
NRL,3,2023-03-20,2026-02-24,2026-02-25,2026-05-20,10.955095399159205,14.043245745676757,3.2317534770942866,45.0,9.261333211263027,13.278582789307258,2.770826839494972,5.0
OGDC,3,2023-03-20,2026-02-24,2026-02-25,2026-05-20,7.221068867945091,9.521527656524844,2.499389610428915,48.333333333333336,6.1032496134440155,8.630074810902249,2.120921576204343,5.0
POL,3,2023-03-20,2026-02-24,2026-02-25,2026-05-20,7.786181107853067,10.673813512212517,1.209674222162094,46.666666666666664,6.11572163899739,9.300331586619832,0.9543558923225168,5.0
PPL,3,2023-03-20,2026-02-24,2026-02-25,2026-05-20,6.858690576712868,9.218000467843021,3.2166242711168755,46.666666666666664,5.851081339518226,7.7592306236456,2.7303161489977095,5.0
PRL,3,2023-03-20,2026-02-24,2026-02-25,2026-05-20,0.9017490270901287,1.1847608489038202,2.8267571025099802,51.66666666666667,0.8096666971842444,1.14259497929903,2.5582079389797716,5.0
PSO,3,2023-03-20,2026-02-24,2026-02-25,2026-05-20,9.140847072070432,12.419107329765179,2.514202485429979,48.333333333333336,8.252833048502616,12.109208628801118,2.278792604705057,5.0
SYS,3,2023-03-20,2026-02-24,2026-02-25,2026-05-20,3.6687788607653666,5.58289538508765,2.7406922652325463,48.333333333333336,3.0121309916178385,4.3364058389314035,2.2668051051709535,8.333333333333332
TRG,3,2023-03-20,2026-02-24,2026-02-25,2026-05-20,2.5586884590476227,3.135070985746453,4.7615209129167235,41.66666666666667,1.780332883199056,2.4809033515475964,3.3832625369658484,6.666666666666667
UBL,3,2023-03-20,2026-02-24,2026-02-25,2026-05-20,19.5031042279022,30.39641735908536,5.54673954346099,38.333333333333336,11.1193130493164,14.487654127563165,3.0622232536748806,6.666666666666667
ATRL,4,2023-06-12,2026-05-20,2026-05-21,2026-08-12,13.963631970153694,19.918560633435114,1.5054363585706287,40.67796610169492,10.840842036877648,16.2519878411739,1.1643683960434605,11.864406779661017
BAHL,4,2023-06-12,2026-05-20,2026-05-21,2026-08-12,2.3136816839111156,2.9865644360200436,1.341404032923855,28.8135593220339,1.7728812007580788,2.6138802647406796,1.0235399655216688,11.864406779661017
BOP,4,2023-06-12,2026-05-20,2026-05-21,2026-08-12,0.5317717261799983,0.7421040090300716,1.5344237725542007,49.152542372881356,0.4784744392007083,0.7102195339524816,1.3788799370458555,11.864406779661017
CHCC,4,2023-06-12,2026-05-20,2026-05-21,2026-08-12,5.974640821691734,8.964207063547569,1.8918059128048288,52.54237288135594,5.435084456104348,8.330915858240353,1.7254934699153162,11.864406779661017
DGKC,4,2023-06-12,2026-05-20,2026-05-21,2026-08-12,4.12828779998398,5.873626797299734,1.967099756265122,50.847457627118644,3.7196621652376827,5.425268983214157,1.768763233945197,10.16949152542373
EFERT,4,2023-06-12,2026-05-20,2026-05-21,2026-08-12,2.0030444741274502,2.6228182036404295,1.0325318344664267,40.67796610169492,1.4476331290552187,1.9690324651576396,0.7492193113666734,10.16949152542373
EPCL,4,2023-06-12,2026-05-20,2026-05-21,2026-08-12,0.4369096885165148,0.5901489351074748,1.2832724767600898,57.6271186440678,0.39983057571669756,0.552217569744707,1.171444393947332,10.16949152542373
FCCL,4,2023-06-12,2026-05-20,2026-05-21,2026-08-12,1.1261476047345313,1.530307595595461,2.048363784020864,40.67796610169492,0.9696611953993975,1.3517140318475742,1.762737683094198,10.16949152542373
FFC,4,2023-06-12,2026-05-20,2026-05-21,2026-08-12,5.675313306302002,7.8932593421476405,1.039508718234197,40.0,4.65506778971354,6.729214305009487,0.8511656589655633,11.666666666666666
HBL,4,2023-06-12,2026-05-20,2026-05-21,2026-08-12,4.50056597054169,6.130319983313381,1.5067692523431944,38.983050847457626,3.8389406365863374,5.571214004223156,1.2878508623199192,11.864406779661017
LOTCHEM,4,2023-06-12,2026-05-20,2026-05-21,2026-08-12,0.45271604179781294,0.6233309739009887,1.640402057623345,42.3728813559322,0.3770461324918056,0.5196872295368493,1.3664673594387868,10.16949152542373
LUCK,4,2023-06-12,2026-05-20,2026-05-21,2026-08-12,7.547844609993698,9.920307534744914,1.6727952738970455,46.666666666666664,5.9491668701171925,8.297203052411692,1.31662022710931,10.0
MARI,4,2023-06-12,2026-05-20,2026-05-21,2026-08-12,6.544393312828511,8.854942546796856,0.9838914751414806,47.45762711864407,5.64592781713453,7.7910476050095,0.8480941553933967,10.16949152542373
MCB,4,2023-06-12,2026-05-20,2026-05-21,2026-08-12,3.838663209333297,5.398254643636504,0.9316402996992317,52.54237288135594,3.413558184090302,5.227500272908591,0.8288928421559455,10.16949152542373
MEBL,4,2023-06-12,2026-05-20,2026-05-21,2026-08-12,6.915415111582591,9.564600987477064,1.281186637431102,55.00000000000001,5.923500569661458,8.691363205130196,1.0976237663962185,10.0
MLCF,4,2023-06-12,2026-05-20,2026-05-21,2026-08-12,2.0210197591019643,2.5965192638860115,2.097167757018196,50.847457627118644,1.9137296514996016,2.7145288693765584,1.973813606150673,10.16949152542373
MTL,4,2023-06-12,2026-05-20,2026-05-21,2026-08-12,36.19931127935774,61.09722696294718,10.736712617048411,45.76271186440678,12.815762794623941,52.05057119940021,3.561814805961367,10.16949152542373
NBP,4,2023-06-12,2026-05-20,2026-05-21,2026-08-12,3.5978485353499807,4.865827045008701,1.780648336988339,61.66666666666667,2.9673344930012973,4.289537396988364,1.4741752921307247,10.0
NRL,4,2023-06-12,2026-05-20,2026-05-21,2026-08-12,7.680841762315716,11.666327260895592,1.8376325691187978,45.76271186440678,6.420679124735179,10.177441738346637,1.5486471586907171,10.16949152542373
OGDC,4,2023-06-12,2026-05-20,2026-05-21,2026-08-12,3.610452031283531,5.004207288157871,1.1057189306753619,56.666666666666664,3.0936670939127615,4.2210776797244245,0.9493940579820929,10.0
POL,4,2023-06-12,2026-05-20,2026-05-21,2026-08-12,8.12351288643334,10.353193846708047,1.192234022016983,54.23728813559322,2.9947395971265927,4.899361814266573,0.4336416602352215,11.864406779661017
PPL,4,2023-06-12,2026-05-20,2026-05-21,2026-08-12,3.9644860599362683,5.2107910324642654,1.7155189392848795,37.28813559322034,3.1581351070080688,4.245736785670867,1.3662818199858313,11.864406779661017
PRL,4,2023-06-12,2026-05-20,2026-05-21,2026-08-12,1.1428637197684488,1.9487547557032072,2.2941907487728335,38.983050847457626,1.0111861148123014,1.855056998945515,1.9811964105810334,11.864406779661017
PSO,4,2023-06-12,2026-05-20,2026-05-21,2026-08-12,3.922854250239021,4.699031640691636,1.1235241042779789,46.666666666666664,2.937500508626302,4.044738951854841,0.8392703189081869,11.666666666666666
SYS,4,2023-06-12,2026-05-20,2026-05-21,2026-08-12,2.134539445587415,2.564057980213705,1.4893034531354572,38.983050847457626,1.404575671179819,1.9233555694736169,0.9879539900463533,10.16949152542373
TRG,4,2023-06-12,2026-05-20,2026-05-21,2026-08-12,1.5246429869233733,2.159092796419047,2.349127791276454,42.3728813559322,1.1652541726322487,1.7694910041926213,1.7952041621566697,10.16949152542373
UBL,4,2023-06-12,2026-05-20,2026-05-21,2026-08-12,6.324338841876194,9.20309095426308,1.420378195417786,62.71186440677966,6.3254260047007485,9.46917308317281,1.4167104996550672,10.16949152542373
